1;B/U zapchasti;BU6A610289;B/U 7934C2 Zamok kapota Peugeot 807 (2002-2010);1;909
2;B/U zapchasti;BY7C199145;B/U 6441Z7 Motorchik pechki Peugeot 308 2010 , Proiz-l' - Peugeot-Citroen, otopitelya, Pezho 308;1;1314
3;B/U zapchasti;BY7A300726;B/U 6441Z7 Motorchik otopitelya PEUGEOT 308 I 2007-2015;1;1661
4;B/U zapchasti;BU6A1420722;B/U 6441Z7 Motorchik pechki (ventilyator otopitelya) Peugeot 308 (2007-2015) Angliya;1;2953
5;B/U zapchasti;BU6A832515;B/U 6441Z7 Motorchik pechki (ventilyator otopitelya) Citroen C3_Picasso (2009-2017) Angliya VALEO;1;2953
6;B/U zapchasti;BU6A1723660;B/U 6441Z7 Motorchik pechki (ventilyator otopitelya) Peugeot 308 (2007-2015) Evropa;1;2953
7;B/U zapchasti;BU6A960779;B/U 6441Z7 Motorchik pechki (ventilyator otopitelya) Peugeot 308 (2007-2015) Angliya;1;2953
8;B/U zapchasti;BU6A1844714;B/U 6441Z7 Motorchik pechki (ventilyator otopitelya) Peugeot 308 (2007-2015) Angliya, treshchina na korpuse;1;2953
9;B/U zapchasti;BU6A1844303;B/U 6441Z7 Motorchik pechki (ventilyator otopitelya) Peugeot 308 (2007-2015) Angliya, skoly na korpuse;1;2953
10;B/U zapchasti;BY4A8819;B/U 6441Z7 , PEUGEOT 308, Motorchik otopitelya. Povrezhdeniya;1;3020
11;B/U zapchasti;BY9A1585977;B/U 6441Z7 Motorchik pechki (ventilyator otopitelya) 308 (2007-2015) Evropa, skol korpusa, lyuft v korpus;1;3066
12;B/U zapchasti;BY9A479545;B/U 6441Z7 Motorchik pechki (ventilyator otopitelya) C3_Picasso (2009-2017) Angliya, neznachitel'nyj skol;1;3066
13;B/U zapchasti;BY9A1615222;B/U 6441Z7 Motorchik pechki (ventilyator otopitelya) C3_Picasso (2009-2017) Evropa;1;3066
14;B/U zapchasti;BY9A1711127;B/U 6441Z7 Motorchik pechki (ventilyator otopitelya) C3_Picasso (2009-2017) Angliya;1;3066
15;B/U zapchasti;BY9A1676842;B/U 6441Z7 Motorchik pechki (ventilyator otopitelya) C3_Picasso (2009-2017) Angliya;1;3066
16;B/U zapchasti;BY9A1884786;B/U 6441Z7 Motorchik pechki (ventilyator otopitelya) C3_Picasso (2009-2017) Evropa;1;3066
17;Kortex;KHF107;Motor otopitelya;3;3649
18;Kortex;KHF107;Motor otopitelya;1;3649
19;Kortex;KHF107;Motor otopitelya PEUGEOT 308 07- KHF107;1;3649
20;B/U zapchasti;BU6441Z7;Motorchik pechki (ventilyator otopitelya) b/u;5;3666
21;Kortex;KHF107;Motor otopitelya;1;3739
22;Kortex;KHF107;Motor otopitelya PEUGEOT 308 07- KHF107;1;3754
23;Kortex;KHF107;Motor otopitelya;3;3788
24;Kortex;KHF107;Motor otopitelya;3;3788
25;Kortex;KHF107;Motor otopitelya PEUGEOT 308 07- KHF107;1;3788
26;Kortex;KHF107;Motor otopitelya PEUGEOT 308 07- KHF107;1;3788
27;Kortex;KHF107;Motor pechki PSA 308 07-;2;3788
28;Kortex;KHF107;Motor otopitelya PEUGEOT 308 07- KHF107;1;3823
29;Kortex;KHF107;Motor otopitelya;21;3837
30;Kortex;KHF107;Motor otopitelya PEUGEOT 308 07- KHF107;1;3858
31;Kortex;KHF107;Motor otopitelya PEUGEOT 308 07- KHF107;1;3858
32;Kortex;KHF107;Motor otopitelya;3;3893
33;Kortex;KHF107;Motor pechki PSA 308 07-;2;3893
34;Kortex;KHF107;Motor otopitelya PEUGEOT 308 07- KHF107;1;3921
35;Kortex;KHF107;Motor otopitelya;3;3927
36;Kortex;KHF107;Motor otopitelya;3;3927
37;Kortex;KHF107;Motor otopitelya;1;3927
38;Kortex;KHF107;Motor otopitelya;3;3962
39;Kortex;KHF107;Motor pechki PSA 308 07-;2;3962
40;Kortex;KHF107;Motor otopitelya;3;3962
41;Kortex;KHF107;Motor otopitelya PEUGEOT 308 07- KHF107;1;3962
42;Kortex;KHF107;Motor otopitelya;1;3978
43;Kortex;KHF107;Motor otopitelya;3;4038
44;Nty;EWNPE000;NTY INTERIOR BLOWER PEUGEOT 308 2007-,CITROEN C3 PICASSO 2009-;1;4042
45;Nty;EWNPE000;Ventilyator salona PEUGEOT 308 2007-,CITROEN C3 PICASSO 2009-;1;4045
46;Kortex;KHF107;Motor otopitelya;1;4054
47;Kortex;KHF107;Motor otopitelya PEUGEOT 308 07-;21;4054
48;Nty;EWNPE000;Ventilyator salona PEUGEOT 308 2007-,CITROEN C3 PICASSO 2009-;1;4083
49;Kortex;KHF107;Motor otopitelya PEUGEOT 308 07- KHF107;1;4130
50;Nty;EWNPE000;Ventilyator salona PEUGEOT 308 2007-,CITROEN C3 PICASSO 2009-;1;4137
51;Kortex;KHF107;Motor otopitelya PEUGEOT 308 07- KHF107;1;4171
52;Nty;EWNPE000;Ventilyator salona PEUGEOT 308 2007-,CITROEN C3 PICASSO 2009-;1;4176
53;Krauf;MZZ0455YD;Motor pechki c kryl'chatkoj;7;4179
54;Kortex;KHF107;Motor otopitelya;3;4191
55;Nty;EWNPE000;NTY INTERIOR BLOWER PEUGEOT 308 2007-,CITROEN C3 PICASSO 2009-;1;4196
56;Nty;EWNPE000;Ventilyator salona PEUGEOT 308 2007-,CITROEN C3 PICASSO 2009-;1;4199
57;DEQST;114054;Ventilyator otopitelya PEUGEOT 308 (4A_, 4C_) Hetchbek 09.07-;38;4212
58;Kortex;KHF107;Motor otopitelya;3;4281
59;Kortex;KHF107;Motor otopitelya;3;4283
60;Kortex;KHF107;Motor otopitelya;1;4313
61;Nty;EWNPE000;NTY INTERIOR BLOWER PEUGEOT 308 2007-,CITROEN C3 PICASSO 2009;1;4413
62;Krauf;MZZ0455YD;Motor pechki c kryl'chatkoj;7;4420
63;Nty;EWNPE000;PEUGEOT 308 2007-,CITROEN C3 PICASSO 2009-;1;4441
64;Nty;EWNPE000;Motor ventilyatora otopitelya (pechki) PSA 308, C3 Picasso;2;4540
65;Nty;EWNPE000;Ventilyator salona Peugeot 308 07-, Citroen C3 Picasso 09-;1;4540
66;DEQST;114054;Ventilyator otopitelya PEUGEOT 308 (4A_, 4C_) Hetchbek 09.07-;38;4587
67;DEQST;114054;Ventilyator otopitelya PEUGEOT 308 (4A_, 4C_) Hetchbek 09.07-;1;4608
68;Nty;EWNPE000;PEUGEOT 308 2007-,CITROEN C3 PICASSO 2009-;1;4610
69;Kortex;KHF107;1;3;4710
70;DEQST;114054;Ventilyator otopitelya PEUGEOT 308 (4A_, 4C_) Hetchbek 09.07-;38;4739
71;DEQST;114054;Ventilyator otopitelya PEUGEOT 308 (4A_, 4C_) Hetchbek 09.07-;2;4748
72;Kale;346885;Ventilyator P308 08>14 C3 PICASSO;1;4764
73;Kortex;KHF107;Motor otopitelya;3;4867
74;DEQST;114054;Ventilyator otopitelya PEUGEOT 308 (4A_, 4C_) Hetchbek 09.07-;1;4883
75;DEQST;114054;Ventilyator otopitelya PEUGEOT 308 (4A_, 4C_) Hetchbek 09.07-;2;4929
76;DEQST;114054;Ventilyator otopitelya PEUGEOT 308 (4A_, 4C_) Hetchbek 09.07-;2;4929
77;Kale;346885;Motor ventilyatora otopitelya (pechki) PSA 308, C3 Picasso;1;4944
78;DEQST;114054;Ventilyator otopitelya PEUGEOT 308 (4A_, 4C_) Hetchbek 09.07-;1;4974
79;DEQST;114054;Ventilyator otopitelya PEUGEOT 308 (4A_, 4C_) Hetchbek 09.07-;2;5019
80;DEQST;114054;Ventilyator otopitelya PEUGEOT 308 (4A_, 4C_) Hetchbek 09.07-;1;5019
81;Luzar;LFH2080;E/ventilyator otop. dlya a/m Peugeot 308 (07-) (LFh 2080);2;5050
82;Nty;EWNPE000;Ventilyator salona Peugeot 308 07-, Citroen C3 Picasso 09-;1;5086
83;Nty;EWNPE000;Ventilyator salona Peugeot 308 07-, Citroen C3 Picasso 09-;1;5087
84;DEQST;114054;Ventilyator otopitelya PEUGEOT 308 (4A_, 4C_) Hetchbek 09.07-;2;5109
85;DEQST;114054;Ventilyator otopitelya PEUGEOT 308 (4A_, 4C_) Hetchbek 09.07-;1;5109
86;DEQST;114054;Ventilyator otopitelya PEUGEOT 308 (4A_, 4C_) Hetchbek 09.07-;2;5155
87;DEQST;114054;Ventilyator otopitelya PEUGEOT 308 (4A_, 4C_) Hetchbek 09.07-;1;5155
88;DEQST;114054;Ventilyator otopitelya PEUGEOT 308 (4A_, 4C_) Hetchbek 09.07-;2;5155
89;DEQST;114054;VENTILYATOR OTOPITELYA PEUGEOT 308 (4A_, 4C_) HETCHBEK 09.07-;38;5189
90;DEQST;114054;Ventilyator otopitelya PEUGEOT 308 (4A_, 4C_) Hetchbek 09.07-;1;5200
91;Nty;EWNPE000;;1;5207
92;Kortex;KHF107;KHF107_Motor otopitelya PEUGEOT 308 07-;1;5213
93;Nty;EWNPE000;Ventilyator salona Peugeot 308 07-, Citroen C3 Picasso 09-;1;5233
94;DEQST;114054;Ventilyator otopitelya PEUGEOT 308 (4A_, 4C_) Hetchbek 09.07-;2;5335
95;Kortex;KHF107;Motor otopitelya;1;5379
96;Luzar;LFH2080;Motor otopitelya PEUGEOT 308 07-;1;5407
97;Stron;STIF044;Ventilyator otopitelya (Garantiya 3 goda. Ustanovka bez problem);12;5428
98;Nty;EWNPE000;Motor ventilyatora otopitelya (pechki) PSA 308, C3 Picasso;2;5482
99;Nty;EWNPE000;;1;5487
100;B/U zapchasti;BY6CFCBE06KK01;B/U orig. Motorchik pechki Peugeot 308 T7 2008 6441Z7. Artikul: FCBE06KK01. strana proiskhozhdeniya: evro;1;5504
101;Luzar;LFH2080;E/ventilyator otop.;1;5529
102;DEQST;114054;Ventilyator otopitelya PEUGEOT 308 (4A_, 4C_) Hetchbek 09.07-;2;5571
103;Luzar;LFH2080;E/ventilyator otop. dlya a/m Peugeot 308 (07-) (LFh 2080);2;5592
104;Luzar;LFH2080;Motorchik otopitelya;1;5592
105;Luzar;LFH2080;Ventilyator otopitelya Peugeot 308 (07-) (LFh 2080);1;5592
106;Luzar;LFH2080;Ventilyator otopitelya PEUGEOT 308 (07-);1;5592
107;Luzar;LFH2080;E/ventilyator otop. dlya a/m Peugeot 308 (07-) (LFh 2080);1;5592
108;Luzar;LFH2080;E/ventilyator otop. dlya a/m Peugeot 308 (07-) (LFh 2080);1;5592
109;Luzar;LFH2080;E/ventilyator otop.;1;5604
110;DEQST;114054;Ventilyator otopitelya PEUGEOT 308 (4A_, 4C_) Hetchbek 09.07-;2;5620
111;DEQST;114054;Ventilyator otopitelya;1;5671
112;Luzar;LFH2080;Motor otopitelya PEUGEOT 308 07-;1;5747
113;Luzar;LFH2080;Motorchik otopitelya;1;5805
114;Luzar;LFH2080;E/ventilyator otop. dlya a/m Peugeot 308 (07-) (LFh 2080);1;5805
115;Luzar;LFH2080;Ventilyator otopitelya Peugeot 308 (07-) (LFh 2080);1;5805
116;Luzar;LFH2080;Ventilyator otopitelya salona PEUGEOT 308 07-;1;5805
117;Luzar;LFH2080;Ventilyator otopitelya PEUGEOT 308 (07-);1;5805
118;Luzar;LFH2080;Ventilyator otopitelya PEUGEOT 308 (07-);1;5805
119;Luzar;LFH2080;E/ventilyator otop. dlya a/m Peugeot 308 (07-) (LFh 2080);1;5805
120;Luzar;LFH2080;E/ventilyator otop. dlya a/m Peugeot 308 (07-) (LFh 2080);1;5815
121;Luzar;LFH2080;Motor otopitelya PEUGEOT 308 07-;1;5860
122;DEQST;114054;Ventilyator otopitelya PEUGEOT 308 (4A_, 4C_) Hetchbek 09.07-;2;5874
123;Luzar;LFH2080;Ventilyator otopitelya Peugeot 308 (07-) (LFh 2080);3;5888
124;Luzar;LFH2080;Ventilyator otopitelya Peugeot 308 (07-) (LFh 2080);3;5888
125;Luzar;LFH2080;Ventilyator salona;2;5898
126;Luzar;LFH2080;E/ventilyator otop. dlya a/m Peugeot 308 (07-) (LFh 2080);1;5899
127;Luzar;LFH2080;E/ventilyator otop. dlya a/m Peugeot 308 (07-) (LFh 2080);1;5911
128;Luzar;LFH2080;Ventilyator otopitelya Peugeot 308 (07-) (LFh 2080);1;5911
129;Luzar;LFH2080;Ventilyator otopitelya Peugeot 308 (07-) (LFh 2080);1;5911
130;Luzar;LFH2080;Ventilyator otopitelya Peugeot 308 (07-) (LFh 2080);1;5911
131;Luzar;LFH2080;Ventilyator otopitelya Peugeot 308 (07-) (LFh 2080);1;5911
132;Luzar;LFH2080;Ventilyator otopitelya Peugeot 308 (07-) (LFh 2080);1;5911
133;Luzar;LFH2080;Ventilyator otopitelya Peugeot 308 (07-) (LFh 2080);1;5911
134;Luzar;LFH2080;Ventilyator otopitelya PEUGEOT 308 (07-);1;5911
135;Luzar;LFH2080;E/ventilyator otop. dlya a/m Peugeot 308 (07-) (LFh 2080);1;5911
136;Luzar;LFH2080;E/ventilyator otop. dlya a/m Peugeot 308 (07-) (LFh 2080);1;5911
137;Luzar;LFH2080;Ventilyator otopitelya Peugeot 308 (07-) (LFh 2080);3;5911
138;Luzar;LFH2080;Ventilyator otopitelya Peugeot 308 (07-) (LFh 2080);3;5911
139;Krauf;MZZ0455YD;Motor pechki kryl'chatkoj;1;5914
140;Luzar;LFH2080;Motorchik otopitelya;1;5917
141;Luzar;LFH2080;E/ventilyator otop. dlya a/m Peugeot 308 (07-) (LFh 2080);1;5956
142;Luzar;LFH2080;Ventilyator otopitelya Peugeot 308 (07-) (LFh 2080);1;5965
143;Luzar;LFH2080;Ventilyator otopitelya PEUGEOT 308 (07-);1;5965
144;Luzar;LFH2080;Ventilyator otopitelya Peugeot 308 (07-) (LFh 2080);1;5965
145;Luzar;LFH2080;Ventilyator otopitelya Peugeot 308 (07-) (LFh 2080);1;5965
146;Luzar;LFH2080;Ventilyator otopitelya Peugeot 308 (07-) (LFh 2080);1;5965
147;Luzar;LFH2080;E/ventilyator otop. dlya a/m Peugeot 308 (07-) (LFh 2080);1;5965
148;Luzar;LFH2080;Ventilyator otopitelya Peugeot 308 (07-) (LFh 2080);1;5965
149;Luzar;LFH2080;Motor otopitelya PEUGEOT 308 07-;1;5965
150;Luzar;LFH2080;Ventilyator otopitelya salona PEUGEOT 308 07-;1;5965
151;Luzar;LFH2080;E/ventilyator otop. dlya a/m Peugeot 308 (07-) (LFh 2080);1;5965
152;Luzar;LFH2080;E/ventilyator otop. dlya a/m Peugeot 308 (07-) (LFh 2080);1;5965
153;Luzar;LFH2080;Motor otopitelya PEUGEOT 308 07-;1;5965
154;Luzar;LFH2080;Motor otopitelya PEUGEOT 308 07-;1;5965
155;Luzar;LFH2080;Motor otopitelya PEUGEOT 308 07-;1;5965
156;Luzar;LFH2080;E/ventilyator otop. dlya a/m Peugeot 308 (07-) (LFh 2080);1;5965
157;Luzar;LFH2080;E/ventilyator otop. dlya a/m Peugeot 308 (07-) (LFh 2080);1;5965
158;Luzar;LFH2080;E/ventilyator otop. dlya a/m Peugeot 308 (07-) (LFh 2080);1;5965
159;Luzar;LFH2080;E/ventilyator otop. dlya a/m Peugeot 308 (07-) (LFh 2080);1;5965
160;Luzar;LFH2080;E/ventilyator otop. dlya a/m Peugeot 308 (07-) (LFh 2080);1;5965
161;Luzar;LFH2080;E/ventilyator otop. dlya a/m Peugeot 308 (07-) (LFh 2080);1;5965
162;Luzar;LFH2080;Ventilyator otopitelya Peugeot 308 (07-) (LFh 2080);3;5965
163;Kale;346885;Motor ventilyatora otopitelya (pechki) PSA 308, C3 Picasso;1;5969
164;Luzar;LFH2080;Ventilyator otopitelya Peugeot 308 (07-) (LFh 2080);1;5975
165;Luzar;LFH2080;Motor otopitelya PEUGEOT 308 07-;1;6013
166;Luzar;LFH2080;Ventilyator otopitelya Peugeot 308 (07-) (LFh 2080);1;6018
167;Luzar;LFH2080;Motor ventilyatora otopitelya (pechki) Peugeot 308 07-- s kryl'chatkoj;1;6018
168;Luzar;LFH2080;E/ventilyator otop. dlya a/m Peugeot 308 (07-) (LFh 2080);1;6018
169;Luzar;LFH2080;E/ventilyator otop. dlya a/m Peugeot 308 (07-) (LFh 2080);1;6018
170;Luzar;LFH2080;E/ventilyator otop. dlya a/m Peugeot 308 (07-) (LFh 2080);1;6018
171;Luzar;LFH2080;Ventilyator otopitelya Peugeot 308 (07-) (LFh 2080);3;6018
172;Luzar;LFH2080;Motor otopitelya Peugeot 308 07- Citroen C3 Picasso 09- Luzar;4;6018
173;Luzar;LFH2080;E/ventilyator otop. dlya a/m Peugeot 308 (07-) (LFh 2080);1;6018
174;Luzar;LFH2080;E/ventilyator otop. dlya a/m Peugeot 308 (07-) (LFh 2080);1;6018
175;Luzar;LFH2080;Ventilyator otopitelya salona PEUGEOT 308 07-;1;6071
176;Luzar;LFH2080;E/ventilyator otop. dlya a/m Peugeot 308 (07-) (LFh 2080);1;6071
177;Luzar;LFH2080;Ventilyator otopitelya Peugeot 308 (07-) (LFh 2080);3;6071
178;Luzar;LFH2080;Motor otopitelya Peugeot 308 07- Citroen C3 Picasso 09- Luzar;3;6071
179;Luzar;LFH2080;Motor otopitelya Peugeot 308 07- Citroen C3 Picasso 09- Luzar;4;6071
180;Luzar;LFH2080;Ventilyator otopitelya Peugeot 308 (07-) (LFh 2080);3;6071
181;Luzar;LFH2080;E/ventilyator otop. dlya a/m Peugeot 308 (07-) (LFh 2080);2;6071
182;Luzar;LFH2080;E/ventilyator otop. dlya a/m Peugeot 308 (07-) (LFh 2080);1;6071
183;Luzar;LFH2080;E/ventilyator otop. dlya a/m Peugeot 308 (07-) (LFh 2080);2;6100
184;Luzar;LFH2080;Motor otopitelya Peugeot 308 07- Citroen C3 Picasso 09- Luzar;3;6102
185;Luzar;LFH2080;Ventilyator salona;2;6123
186;Luzar;LFH2080;Motor otopitelya Peugeot 308 07- Citroen C3 Picasso 09- Luzar;3;6124
187;DEQST;114054;VENTILYATOR OTOPITELYA;1;6128
188;Luzar;LFH2080;Motor otopitelya PEUGEOT 308 07-;1;6174
189;Luzar;LFH2080;Ventilyator otopitelya salona PEUGEOT 308 07-;1;6178
190;Luzar;LFH2080;E/ventilyator otop. dlya a/m Peugeot 308 (07-) (LFh 2080);1;6178
191;Luzar;LFH2080;E/ventilyator otop. dlya a/m Peugeot 308 (07-) (LFh 2080);1;6178
192;Luzar;LFH2080;N/50453301/LUZAR/E/ventilyator otop. dlya a/m Peugeot 308 (07-) (LFh 2080);1;6247
193;Luzar;LFH2080;Motor otopitelya PEUGEOT 308 07- ();1;6263
194;Luzar;LFH2080;N/50453301/LUZAR/E/ventilyator otop. dlya a/m Peugeot 308 (07-) (LFh 2080);1;6268
195;Luzar;LFH2080;Ventilyator otopitelya salona PEUGEOT 308 07-;1;6284
196;Luzar;LFH2080;Ventilyator otopitelya Peugeot 308 (07-) (LFh 2080);3;6284
197;Luzar;LFH2080;E/ventilyator otop. dlya a/m Peugeot 308 (07-) (LFh 2080);2;6284
198;Luzar;LFH2080;E/ventilyator otop. dlya a/m Peugeot 308 (07-) (LFh 2080);1;6284
199;DEQST;114054;Ventilyator otopitelya PEUGEOT 308 (4A_, 4C_) Hetchbek 09.07-;2;6294
200;DEQST;114054;Ventilyator otopitelya PEUGEOT 308 (4A_, 4C_) Hetchbek 09.07-;1;6330
201;Luzar;LFH2080;VENTILYATOR OTOPITELYA PEUGEOT 308 (07-);2;6337
202;Luzar;LFH2080;Ventilyator otopitelya Peugeot 308 (07-) (LFh 2080);3;6337
203;DEQST;114054;Detal';2;6343
204;Luzar;LFH2080;E/ventilyator otop. dlya a/m Peugeot 308 (07-) (LFh 2080);1;6411
205;Luzar;LFH2080;E ventilyator otop. dlya a m Peugeot 308 (07-) (LFh 2080);1;6411
206;Luzar;LFH2080;E/ventilyator otop. dlya a/m Peugeot 308 (07-) (LFh 2080);1;6421
207;Luzar;LFH2080;Peugeot 308 (07-);1;6425
208;Luzar;LFH2080;LFH 2080_ventilyator otopitelya!Peugeot 308 07;2;6442
209;Luzar;LFH2080;Motor otopitelya PEUGEOT 308 07-;1;6455
210;Luzar;LFH2080;E/ventilyator otop. dlya a/m Peugeot 308 (07-) (LFh 2080);4;6470
211;Luzar;LFH2080;E/ventilyator otop. dlya a/m Peugeot 308 (07-) (LFh 2080);1;6475
212;Luzar;LFH2080;Elektroventilyator otopitelya;2;6500
213;Luzar;LFH2080;E/ventilyator otop. dlya a/m Peugeot 308 (07-) (LFh 2080);1;6506
214;Luzar;LFH2080;E/ventilyator otop. dlya a/m Peugeot 308 (07-) (LFh 2080);2;6514
215;Luzar;LFH2080;LFH 2080_ventilyator otopitelya!\Peugeot 308 07>;2;6523
216;Luzar;LFH2080;E/ventilyator otop. dlya a/m Peugeot 308 (07-) (LFh 2080);1;6558
217;Stron;STIF044;Ventilyator otopitelya;1;6563
218;Luzar;LFH2080;Motor otopitelya PEUGEOT 308 07-;1;6601
219;Luzar;LFH2080;LFH 2080_ventilyator otopitelya!\Peugeot 308 07>;2;6611
220;Luzar;LFH2080;Motorchik otopitelya PEUGEOT 308 (2007>);1;6636
221;Luzar;LFH2080;LFH 2080_ventilyator otopitelya!\Peugeot 308 07>;2;6669
222;Luzar;LFH2080;E/ventilyator otop. dlya a/m Peugeot 308 (07-) (LFh 2080);4;6693
223;Luzar;LFH2080;LFH 2080_ventilyator otopitelya!\Peugeot 308 07>;2;6703
224;Luzar;LFH2080;VENTILYATOR OTOPITELYA PEUGEOT 308 (07-);2;6731
225;Luzar;LFH2080;LFH 2080_ventilyator otopitelya!\Peugeot 308 07>;2;6748
226;DEQST;114054;Ventilyator otopitelya PEUGEOT 308 (4A_, 4C_) Hetchbek 09.07-;2;6781
227;DEQST;114054;Ventilyator otopitelya PEUGEOT 308 (4A_, 4C_) Hetchbek 09.07-;1;6781
228;Luzar;LFH2080;Ventilyator salona;2;6794
229;Luzar;LFH2080;Motor otopitelya Peugeot 308 07- Citroen C3 Picasso 09- Luzar;4;6802
230;Luzar;LFH2080;Motor ventilyatora otopitelya (pechki) Peugeot 308 07-- s kryl'chatkoj;1;6802
231;Luzar;LFH2080;LFH 2080_ventilyator otopitelya!\Peugeot 308 07>;2;6822
232;Luzar;LFH2080;Eventilyator otop. dlya am Peugeot 308 (07-) (LFh 2080);1;6829
233;Luzar;LFH2080;LFH 2080_ventilyator otopitelya!Peugeot 308 07>;2;6851
234;Luzar;LFH2080;VENTILYATOR OTOPITELYA PEUGEOT 308 (07-);1;6881
235;DEQST;114054;Ventilyator otopitelya PEUGEOT 308 (4A_, 4C_) Hetchbek 09.07-;1;6888
236;DEQST;114054;Ventilyator otopitelya PEUGEOT 308 (4A_, 4C_) Hetchbek 09.07-;1;6888
237;Luzar;LFH2080;VENTILYATOR OTOPITELYA PEUGEOT 308 (07-);1;6912
238;Nty;EWNPE000;Motor ventilyatora otopitelya (pechki) PSA 308, C3 Picasso;1;6995
239;Luzar;LFH2080;Elektroventilyator otopitelya;2;7032
240;Luzar;LFH2080;Motor otopitelya PEUGEOT 308 07-;2;7034
241;Luzar;LFH2080;Ventilyator otopitelya Peugeot 308 (07-) (LFh 2080);1;7040
242;Luzar;LFH2080;E/ventilyator otop. dlya a/m Peugeot 308 (07-) (LFh 2080);1;7041
243;Luzar;LFH2080;Motorchik otopitelya;1;7050
244;Luzar;LFH2080;E/VENTILYATOR OTOP. DLYA A/M PEUGEOT 308 (07-) (LFH 2080);1;7099
245;B/U zapchasti;BY4A39841;B/U 6441Z7 Peugeot / Citroen, PEUGEOT 308, Motorchik otopitelya.;1;7132
246;Luzar;LFH2080;Elektroventilyator otopitelya Luzar LFh 2080;2;7156
247;Stron;STIF044;Ventilyator otopitelya STRON STIF044;1;7225
248;Luzar;LFH2080;E/ventilyator otop. dlya a/m Peugeot 308 (07-) (LFh 2080);1;7269
249;Luzar;LFH2080;Motor otopitelya PEUGEOT 308 07-;2;7276
250;Luzar;LFH2080;Ventilyator otopitelya Peugeot 308 (07-) (LFh 2080);1;7334
251;DEQST;114054;Ventilyator otopitelya PEUGEOT 308 (4A_, 4C_) Hetchbek 09.07-;1;7369
252;DEQST;114054;Ventilyator otopitelya PEUGEOT 308 (4A_, 4C_) Hetchbek 09.07-;1;7371
253;Luzar;LFH2080;Ventilyator salona;2;7468
254;Luzar;LFH2080;LFH 2080_ventilyator otopitelya!\Peugeot 308 07>;2;7599
255;Kale;346885;Motor ventilyatora otopitelya (pechki) PSA 308, C3 Picasso;1;7617
256;Luzar;LFH2080;VENTILYATOR OTOPITELYA 308 07;2;8037
257;Stron;STIF044;Ventilyator otopitelya;1;8133
258;Luzar;LFH2080;LFH 2080_ventilyator otopitelya!\Peugeot 308 07>;2;8253
259;Magneti Marelli;69412282010;Motor otopitelya 308 6441CZ;1;8575
260;Luzar;LFH2080;E/ventilyator otop. dlya a/m Peugeot 308 (07-) (LFh 2080);2;8681
261;Nty;EWNPE000;Motor ventilyatora otopitelya (pechki) PSA 308, C3 Picasso;1;8893
262;Luzar;LFH2080;Ventilyator pechki;1;9321
263;Kale;346885;Motor ventilyatora otopitelya (pechki) PSA 308, C3 Picasso;1;9683
264;Nty;EWNPE000;Ventilyator salona Peugeot 308 07-, Citroen C3 Picasso 09-;1;9779
265;Tyc;5260009;Dmuchawa;2;11259
266;Tyc;5260009;Ventilyator salona;2;11700
267;Nty;EWNPE000;Avtodetal';1;11721
268;Peugeot-Citroen;6441Z7;Motor;1;11819
269;Tyc;5260009;Ventilyator salona;2;12081
270;Luzar;LFH2080;LFH 2080_ventilyator otopitelya!\Peugeot 308 07>;2;12674
271;Nrf;34074;Ventilyator sistemy kondicionirovaniya;1;13013
272;Nrf;34074;Ventilyator sistemy kondicionirovaniya;1;13437
273;Nrf;34074;Avtodetal';2;14200
274;Nrf;34074;Ventilyator sistemy kondicionirovaniya;1;14245
275;Nrf;34074;Ventilyator sistemy kondicionirovaniya;1;14845
276;Nty;EWNPE000;Avtozapchast';1;15999
277;Nissens;87250;Avtodetal';1;17726
278;Valeo;715222;Avtozapchast';14;19976
279;Nissens;87250;Ventilyator salona CITROEN C3 PICASSO PEUGEOT 308, 308 I 1.2-2.0D 09.07-;3;19995
280;Nrf;34074;Ventilyator salona CITROEN C3 PICASSO PEUGEOT 308, 308 I 1.2-2.0D 09.07-;1;20876
281;Valeo;715222;Avtodetal';50;21515
282;Valeo;715222;;14;23329
283;Valeo;715222;715222, Ventilyator salona;5;27278
284;Peugeot-Citroen;6441Z7;Avtozapchast';1;27569

